{"cameraMode":{"drawMode":0,"name":"Shaded","section":"Shading Mode"},"sceneLighting":true,"audioPlay":false,"sceneViewState":{"showFog":true,"showMaterialUpdate":true,"showSkybox":true,"showFlares":true,"showImageEffects":true,"showParticleSystems":true},"in2DMode":false,"pivot":{"x":-107.2844467163086,"y":-22.638399124145509,"z":74.37969970703125},"rotation":{"x":-0.16672253608703614,"y":0.5618928074836731,"z":-0.11683112382888794,"w":-0.8018576502799988},"size":306.67572021484377,"orthographic":false}